{"cameraMode":{"drawMode":0,"name":"Shaded","section":"Shading Mode"},"sceneLighting":false,"audioPlay":false,"sceneViewState":{"showFog":true,"showMaterialUpdate":false,"showSkybox":false,"showFlares":true,"showImageEffects":true,"showParticleSystems":true},"in2DMode":false,"pivot":{"x":-0.14932632446289063,"y":-0.1338331699371338,"z":-1.0821549892425538},"rotation":{"x":-0.09874240309000015,"y":-0.8944788575172424,"z":0.2434435486793518,"w":-0.36195993423461916},"size":2.332225799560547,"orthographic":false}