{"cameraMode":{"drawMode":0,"name":"Shaded","section":"Shading Mode"},"sceneLighting":false,"audioPlay":false,"sceneViewState":{"showFog":true,"showMaterialUpdate":false,"showSkybox":false,"showFlares":true,"showImageEffects":true,"showParticleSystems":true},"in2DMode":false,"pivot":{"x":2.1996681690216066,"y":-0.06428050994873047,"z":1.3612539768218995},"rotation":{"x":0.11360891163349152,"y":0.4884949028491974,"z":-0.06410277634859085,"w":0.8628354072570801},"size":2.3760125637054445,"orthographic":false}